{
  "meta": {
    "T": 156,
    "baseline": 1200.0,
    "trend_per_wk": 4.0,
    "promo_effect": 180.0,
    "price_coef": -6.0,
    "comp_coef": -2.2,
    "holiday_effect": 90.0,
    "target_corr_spend_season": 0.6,
    "realized_corr_totalspend_season": 0.6044441313544282,
    "season_scale": 0.53125,
    "seasonal_saturation": true,
    "sat_seasonal_amp": 0.35,
    "season_norm": [
      0.26763841397811544,
      0.215967626634422,
      0.5112958137367453,
      0.46860176877159215,
      0.43136520991031463,
      0.40012913003053774,
      0.3753490215144354,
      0.014529091286973939,
      0.003645562950973013,
      0.0,
      0.003645562950973013,
      0.014529091286973994,
      0.03249187865729264,
      0.05727198717339521,
      0.08850806705317182,
      0.1257446259144494,
      0.16843867087960251,
      0.21596762663442215,
      0.2676384139781157,
      0.3226975564787323,
      0.3803421678562212,
      0.43973165987233853,
      0.49999999999999994,
      0.5602683401276615,
      0.619657832143779,
      0.6773024435212678,
      0.7323615860218843,
      0.7840323733655779,
      0.8315613291203977,
      0.8742553740855505,
      0.9114919329468282,
      0.9427280128266049,
      0.9675081213427075,
      0.9854709087130261,
      0.9963544370490269,
      1.0,
      0.9963544370490269,
      0.9854709087130261,
      0.9675081213427075,
      0.9427280128266049,
      0.9114919329468282,
      0.8742553740855505,
      0.8315613291203977,
      0.7840323733655779,
      0.7323615860218843,
      0.6773024435212678,
      0.619657832143779,
      0.5602683401276615,
      0.49999999999999994,
      0.43973165987233853,
      0.3803421678562212,
      0.3226975564787323,
      0.2676384139781157,
      0.21596762663442215,
      0.5112958137367454,
      0.46860176877159226,
      0.43136520991031474,
      0.40012913003053807,
      0.3753490215144355,
      0.014529091286973994,
      0.003645562950973013,
      0.0,
      0.003645562950973013,
      0.014529091286973939,
      0.03249187865729258,
      0.057271987173394934,
      0.08850806705317177,
      0.12574462591444935,
      0.1684386708796024,
      0.215967626634422,
      0.26763841397811544,
      0.32269755647873205,
      0.38034216785622105,
      0.4397316598723382,
      0.49999999999999994,
      0.5602683401276616,
      0.6196578321437787,
      0.6773024435212678,
      0.732361586021884,
      0.7840323733655774,
      0.8315613291203977,
      0.8742553740855503,
      0.9114919329468282,
      0.942728012826605,
      0.9675081213427073,
      0.9854709087130261,
      0.9963544370490269,
      1.0,
      0.9963544370490269,
      0.9854709087130261,
      0.9675081213427075,
      0.9427280128266051,
      0.9114919329468283,
      0.8742553740855505,
      0.8315613291203978,
      0.7840323733655782,
      0.7323615860218843,
      0.677302443521268,
      0.6196578321437789,
      0.5602683401276618,
      0.5000000000000001,
      0.4397316598723385,
      0.3803421678562209,
      0.3226975564787323,
      0.26763841397811605,
      0.21596762663442262,
      0.5112958137367453,
      0.4686017687715925,
      0.4313652099103151,
      0.4001291300305379,
      0.37534902151443555,
      0.014529091286974105,
      0.003645562950973013,
      0.0,
      0.003645562950973069,
      0.01452909128697405,
      0.03249187865729253,
      0.05727198717339487,
      0.08850806705317193,
      0.1257446259144494,
      0.16843867087960213,
      0.21596762663442162,
      0.26763841397811494,
      0.3226975564787311,
      0.3803421678562215,
      0.43973165987233853,
      0.4999999999999998,
      0.560268340127661,
      0.6196578321437781,
      0.6773024435212677,
      0.732361586021884,
      0.7840323733655781,
      0.8315613291203977,
      0.8742553740855503,
      0.9114919329468283,
      0.9427280128266049,
      0.9675081213427073,
      0.9854709087130259,
      0.9963544370490269,
      1.0,
      0.9963544370490269,
      0.9854709087130261,
      0.9675081213427075,
      0.9427280128266051,
      0.9114919329468286,
      0.8742553740855507,
      0.8315613291203978,
      0.7840323733655785,
      0.7323615860218844,
      0.6773024435212681,
      0.6196578321437787,
      0.5602683401276616,
      0.5000000000000002,
      0.43973165987233903,
      0.38034216785622194,
      0.3226975564787332
    ]
  },
  "channels": {
    "paid_social": {
      "theta": 0.45,
      "half_sat": 900000.0,
      "slope": 1.5,
      "beta": 400.0,
      "imp_per_dollar": 30.0,
      "mean_spend": 44122.85821071993,
      "mean_contrib": 303.1614909123388
    },
    "paid_search": {
      "theta": 0.1,
      "half_sat": 240000.0,
      "slope": 2.2,
      "beta": 270.0,
      "imp_per_dollar": 22.0,
      "mean_spend": 22709.01801370858,
      "mean_contrib": 211.3202658246764
    },
    "programmatic_display": {
      "theta": 0.35,
      "half_sat": 430000.0,
      "slope": 1.6,
      "beta": 250.0,
      "imp_per_dollar": 25.0,
      "mean_spend": 16216.875035776548,
      "mean_contrib": 149.48044981526806
    },
    "influencer": {
      "theta": 0.25,
      "half_sat": 175000.0,
      "slope": 2.0,
      "beta": 300.0,
      "imp_per_dollar": 8.0,
      "mean_spend": 8962.002264484283,
      "mean_contrib": 65.3979067529985
    },
    "dooh": {
      "theta": 0.6,
      "half_sat": 1250000.0,
      "slope": 1.3,
      "beta": 200.0,
      "imp_per_dollar": 40.0,
      "mean_spend": 8742.390753634312,
      "mean_contrib": 72.86103190741255
    },
    "tv_ctv": {
      "theta": 0.75,
      "half_sat": 380000.0,
      "slope": 1.6,
      "beta": 320.0,
      "imp_per_dollar": 9.0,
      "mean_spend": 28863.38947520444,
      "mean_contrib": 245.98647281977986
    }
  },
  "avg_contribution_decomposition": {
    "baseline": 1200.0,
    "trend": 310.0,
    "seasonality": 186.53846153846158,
    "promo": 11.538461538461538,
    "price": -49.23076923076923,
    "competitor": 8.654046140667887e-16,
    "holiday": 5.1923076923076925,
    "media_paid_social": 303.1614909123388,
    "media_paid_search": 211.3202658246764,
    "media_programmatic_display": 149.48044981526806,
    "media_influencer": 65.3979067529985,
    "media_dooh": 72.86103190741255,
    "media_tv_ctv": 245.98647281977986
  },
  "experiments": {
    "paid_social": {
      "quarter": "2024-Q1",
      "true_increment_per_market_week": 64.52549061444661,
      "increment_impr": 31000.0,
      "n_markets": 80,
      "T_exp": 20,
      "pre_period": 6,
      "camp_end": 18,
      "market_adstock_over_halfsat": 0.8708634668345488
    },
    "paid_search": {
      "quarter": "2024-Q2",
      "true_increment_per_market_week": 67.45595208183036,
      "increment_impr": 27000.0,
      "n_markets": 80,
      "T_exp": 20,
      "pre_period": 6,
      "camp_end": 18,
      "market_adstock_over_halfsat": 0.8862022739755105
    },
    "programmatic_display": {
      "quarter": "2024-Q3",
      "true_increment_per_market_week": 44.57754948198095,
      "increment_impr": 24000.0,
      "n_markets": 80,
      "T_exp": 20,
      "pre_period": 6,
      "camp_end": 18,
      "market_adstock_over_halfsat": 0.8887844661490958
    },
    "influencer": {
      "quarter": "2024-Q4",
      "true_increment_per_market_week": 68.86157473285911,
      "increment_impr": 16000.0,
      "n_markets": 80,
      "T_exp": 20,
      "pre_period": 6,
      "camp_end": 18,
      "market_adstock_over_halfsat": 0.8707625831794851
    },
    "dooh": {
      "quarter": "2025-Q1",
      "true_increment_per_market_week": 27.074315082066647,
      "increment_impr": 21000.0,
      "n_markets": 80,
      "T_exp": 20,
      "pre_period": 6,
      "camp_end": 18,
      "market_adstock_over_halfsat": 0.827850751309422
    },
    "tv_ctv": {
      "quarter": "2025-Q2",
      "true_increment_per_market_week": 47.967253765343706,
      "increment_impr": 35000.0,
      "n_markets": 80,
      "T_exp": 20,
      "pre_period": 6,